Subject,University,Description
Network Analysis and Synthesis,DLBTE,"<button class=""single_add_to_cart_button button alt"" style=""font-family: 'Open Sans'; font-size: .8em;"" onclick=""window.open('https://enlp.in/login/index.php', '_blank'); return false;"">View Sample Course</button>
 <strong>Username</strong>: <i>v2ldt-nas</i>; <strong>Password</strong>: <i>v2ldt-nas</i>

<strong>EX-332 and IC-331</strong> paper code(s) are comprehensively covered in <strong>DLBTE-Network Analysis and Synthesis</strong> course.
Check out your complete syllabus coverage in <a href=""https://cc.2learn.in/det"" target=""_blank"">Curriculum Coverage Plan (CCP)</a>.

[tabby title=EX-332]

DLBTE offers this course under the name Network, filters & transmission lines.
<ul><li><strong>19 Video Learning Outcomes</strong> attained across<strong> 20 topics</strong> taught over <strong>8 hours</strong> of instruction.</li><li>Total duration of course: <strong>8 hours</strong></li></ul>[tabby title=IC-331]

DLBTE offers this course under the name Network analysis.
<ul><li><strong>150 Video Learning Outcomes</strong> attained across<strong> 61 topics</strong> taught over <strong>42 hours</strong> of instruction.</li><li>Total duration of course: <strong>42 hours</strong></li></ul>[tabbyending]

V2L courses enjoy a finely granulated hierarchy organised by Units, Sections, Topics, Video Learning Modules (VLM) and Concept Learning Outcomes (CLO).

A CLO is a statement of what a student should expect to recall, solve or perform upon its completion.

Course Faculty carry several years of teaching and industry experience. The lessons are taught systematically, and delivered in simple, lucid language and manner. Courses are designed to inculcate a clear understanding of subject-concepts and enable students to gain theoretical and practical insights.
"
Network Analysis and Synthesis,GJBTE,"<button class=""single_add_to_cart_button button alt"" style=""font-family: 'Open Sans'; font-size: .8em;"" onclick=""window.open('https://enlp.in/login/index.php', '_blank'); return false;"">View Sample Course</button>
 <strong>Username</strong>: <i>v2ldt-nas</i>; <strong>Password</strong>: <i>v2ldt-nas</i>

<strong>3321102 and 3330901</strong> paper code(s) are comprehensively covered in <strong>GJBTE-Network Analysis and Synthesis</strong> course.
Check out your complete syllabus coverage in <a href=""https://cc.2learn.in/det"" target=""_blank"">Curriculum Coverage Plan (CCP)</a>.

[tabby title=3321102]

GJBTE offers this course under the name Electronic networks.
<ul><li><strong>85 Video Learning Outcomes</strong> attained across<strong> 32 topics</strong> taught over <strong>23 hours</strong> of instruction.</li><li>Total duration of course: <strong>23 hours</strong></li></ul>[tabby title=3330901]

GJBTE offers this course under the name Ac circuits.
<ul><li><strong>42 Video Learning Outcomes</strong> attained across<strong> 19 topics</strong> taught over <strong>12 hours</strong> of instruction.</li><li>Total duration of course: <strong>12 hours</strong></li></ul>[tabbyending]

V2L courses enjoy a finely granulated hierarchy organised by Units, Sections, Topics, Video Learning Modules (VLM) and Concept Learning Outcomes (CLO).

A CLO is a statement of what a student should expect to recall, solve or perform upon its completion.

Course Faculty carry several years of teaching and industry experience. The lessons are taught systematically, and delivered in simple, lucid language and manner. Courses are designed to inculcate a clear understanding of subject-concepts and enable students to gain theoretical and practical insights.
"
Network Analysis and Synthesis,HRBTE,"<button class=""single_add_to_cart_button button alt"" style=""font-family: 'Open Sans'; font-size: .8em;"" onclick=""window.open('https://enlp.in/login/index.php', '_blank'); return false;"">View Sample Course</button>
 <strong>Username</strong>: <i>v2ldt-nas</i>; <strong>Password</strong>: <i>v2ldt-nas</i>

<strong>3.5</strong> paper code(s) are comprehensively covered in <strong>HRBTE-Network Analysis and Synthesis</strong> course.
Check out your complete syllabus coverage in <a href=""https://cc.2learn.in/det"" target=""_blank"">Curriculum Coverage Plan (CCP)</a>.

[tabby title=3.5]

HRBTE offers this course under the name Network, filters & transmission lines.
<ul><li><strong>19 Video Learning Outcomes</strong> attained across<strong> 21 topics</strong> taught over <strong>8 hours</strong> of instruction.</li><li>Total duration of course: <strong>8 hours</strong></li></ul>[tabbyending]

V2L courses enjoy a finely granulated hierarchy organised by Units, Sections, Topics, Video Learning Modules (VLM) and Concept Learning Outcomes (CLO).

A CLO is a statement of what a student should expect to recall, solve or perform upon its completion.

Course Faculty carry several years of teaching and industry experience. The lessons are taught systematically, and delivered in simple, lucid language and manner. Courses are designed to inculcate a clear understanding of subject-concepts and enable students to gain theoretical and practical insights.
"
Network Analysis and Synthesis,MHBTE,"<button class=""single_add_to_cart_button button alt"" style=""font-family: 'Open Sans'; font-size: .8em;"" onclick=""window.open('https://enlp.in/login/index.php', '_blank'); return false;"">View Sample Course</button>
 <strong>Username</strong>: <i>v2ldt-nas</i>; <strong>Password</strong>: <i>v2ldt-nas</i>

<strong>22330 and 22324</strong> paper code(s) are comprehensively covered in <strong>MHBTE-Network Analysis and Synthesis</strong> course.
Check out your complete syllabus coverage in <a href=""https://cc.2learn.in/det"" target=""_blank"">Curriculum Coverage Plan (CCP)</a>.

[tabby title=22330]

MHBTE offers this course under the name Electric circuits and networks.
<ul><li><strong>74 Video Learning Outcomes</strong> attained across<strong> 24 topics</strong> taught over <strong>17 hours</strong> of instruction.</li><li>Total duration of course: <strong>17 hours</strong></li></ul>[tabby title=22324]

MHBTE offers this course under the name Electrical circuits.
<ul><li><strong>77 Video Learning Outcomes</strong> attained across<strong> 30 topics</strong> taught over <strong>19 hours</strong> of instruction.</li><li>Total duration of course: <strong>19 hours</strong></li></ul>[tabbyending]

V2L courses enjoy a finely granulated hierarchy organised by Units, Sections, Topics, Video Learning Modules (VLM) and Concept Learning Outcomes (CLO).

A CLO is a statement of what a student should expect to recall, solve or perform upon its completion.

Course Faculty carry several years of teaching and industry experience. The lessons are taught systematically, and delivered in simple, lucid language and manner. Courses are designed to inculcate a clear understanding of subject-concepts and enable students to gain theoretical and practical insights.
"
Network Analysis and Synthesis,MPBTE,"<button class=""single_add_to_cart_button button alt"" style=""font-family: 'Open Sans'; font-size: .8em;"" onclick=""window.open('https://enlp.in/login/index.php', '_blank'); return false;"">View Sample Course</button>
 <strong>Username</strong>: <i>v2ldt-nas</i>; <strong>Password</strong>: <i>v2ldt-nas</i>

<strong>304 and 302</strong> paper code(s) are comprehensively covered in <strong>MPBTE-Network Analysis and Synthesis</strong> course.
Check out your complete syllabus coverage in <a href=""https://cc.2learn.in/det"" target=""_blank"">Curriculum Coverage Plan (CCP)</a>.

[tabby title=304]

MPBTE offers this course under the name Network analysis.
<ul><li><strong>128 Video Learning Outcomes</strong> attained across<strong> 46 topics</strong> taught over <strong>31 hours</strong> of instruction.</li><li>Total duration of course: <strong>31 hours</strong></li></ul>[tabby title=302]

MPBTE offers this course under the name Electrical circuits.
<ul><li><strong>74 Video Learning Outcomes</strong> attained across<strong> 26 topics</strong> taught over <strong>19 hours</strong> of instruction.</li><li>Total duration of course: <strong>19 hours</strong></li></ul>[tabbyending]

V2L courses enjoy a finely granulated hierarchy organised by Units, Sections, Topics, Video Learning Modules (VLM) and Concept Learning Outcomes (CLO).

A CLO is a statement of what a student should expect to recall, solve or perform upon its completion.

Course Faculty carry several years of teaching and industry experience. The lessons are taught systematically, and delivered in simple, lucid language and manner. Courses are designed to inculcate a clear understanding of subject-concepts and enable students to gain theoretical and practical insights.
"
Network Analysis and Synthesis,PBBTE,"<button class=""single_add_to_cart_button button alt"" style=""font-family: 'Open Sans'; font-size: .8em;"" onclick=""window.open('https://enlp.in/login/index.php', '_blank'); return false;"">View Sample Course</button>
 <strong>Username</strong>: <i>v2ldt-nas</i>; <strong>Password</strong>: <i>v2ldt-nas</i>

<strong>4.1</strong> paper code(s) are comprehensively covered in <strong>PBBTE-Network Analysis and Synthesis</strong> course.
Check out your complete syllabus coverage in <a href=""https://cc.2learn.in/det"" target=""_blank"">Curriculum Coverage Plan (CCP)</a>.

[tabby title=4.1]

PBBTE offers this course under the name Network, filters & transmission lines.
<ul><li><strong>19 Video Learning Outcomes</strong> attained across<strong> 20 topics</strong> taught over <strong>8 hours</strong> of instruction.</li><li>Total duration of course: <strong>8 hours</strong></li></ul>[tabbyending]

V2L courses enjoy a finely granulated hierarchy organised by Units, Sections, Topics, Video Learning Modules (VLM) and Concept Learning Outcomes (CLO).

A CLO is a statement of what a student should expect to recall, solve or perform upon its completion.

Course Faculty carry several years of teaching and industry experience. The lessons are taught systematically, and delivered in simple, lucid language and manner. Courses are designed to inculcate a clear understanding of subject-concepts and enable students to gain theoretical and practical insights.
"
Network Analysis and Synthesis,RJBTE,"<button class=""single_add_to_cart_button button alt"" style=""font-family: 'Open Sans'; font-size: .8em;"" onclick=""window.open('https://enlp.in/login/index.php', '_blank'); return false;"">View Sample Course</button>
 <strong>Username</strong>: <i>v2ldt-nas</i>; <strong>Password</strong>: <i>v2ldt-nas</i>

<strong>EE-205, EF-202 and EL-202</strong> paper code(s) are comprehensively covered in <strong>RJBTE-Network Analysis and Synthesis</strong> course.
Check out your complete syllabus coverage in <a href=""https://cc.2learn.in/det"" target=""_blank"">Curriculum Coverage Plan (CCP)</a>.

[tabby title=EE-205]

RJBTE offers this course under the name Electrical circuit theory.
<ul><li><strong>90 Video Learning Outcomes</strong> attained across<strong> 32 topics</strong> taught over <strong>22 hours</strong> of instruction.</li><li>Total duration of course: <strong>22 hours</strong></li></ul>[tabby title=EF-202/EL-202]

RJBTE offers this course under the name Circuit analysis.
<ul><li><strong>100 Video Learning Outcomes</strong> attained across<strong> 35 topics</strong> taught over <strong>26 hours</strong> of instruction.</li><li>Total duration of course: <strong>26 hours</strong></li></ul>[tabbyending]

V2L courses enjoy a finely granulated hierarchy organised by Units, Sections, Topics, Video Learning Modules (VLM) and Concept Learning Outcomes (CLO).

A CLO is a statement of what a student should expect to recall, solve or perform upon its completion.

Course Faculty carry several years of teaching and industry experience. The lessons are taught systematically, and delivered in simple, lucid language and manner. Courses are designed to inculcate a clear understanding of subject-concepts and enable students to gain theoretical and practical insights.
"
Network Analysis and Synthesis,WBBTE,"<button class=""single_add_to_cart_button button alt"" style=""font-family: 'Open Sans'; font-size: .8em;"" onclick=""window.open('https://enlp.in/login/index.php', '_blank'); return false;"">View Sample Course</button>
 <strong>Username</strong>: <i>v2ldt-nas</i>; <strong>Password</strong>: <i>v2ldt-nas</i>

<strong>ETCE-NA-S3, EE-S3-CTN, EEE-ECN-S3 and 2</strong> paper code(s) are comprehensively covered in <strong>WBBTE-Network Analysis and Synthesis</strong> course.
Check out your complete syllabus coverage in <a href=""https://cc.2learn.in/det"" target=""_blank"">Curriculum Coverage Plan (CCP)</a>.

[tabby title=ETCE-NA-S3]

WBBTE offers this course under the name Network analysis.
<ul><li><strong>92 Video Learning Outcomes</strong> attained across<strong> 45 topics</strong> taught over <strong>26 hours</strong> of instruction.</li><li>Total duration of course: <strong>26 hours</strong></li></ul>[tabby title=EE-S3-CTN/EEE-ECN-S3]

WBBTE offers this course under the name Electrical circuit & network.
<ul><li><strong>110 Video Learning Outcomes</strong> attained across<strong> 40 topics</strong> taught over <strong>30 hours</strong> of instruction.</li><li>Total duration of course: <strong>30 hours</strong></li></ul>[tabby title=2]

WBBTE offers this course under the name Circuit theory.
<ul><li><strong>99 Video Learning Outcomes</strong> attained across<strong> 36 topics</strong> taught over <strong>28 hours</strong> of instruction.</li><li>Total duration of course: <strong>28 hours</strong></li></ul>[tabbyending]

V2L courses enjoy a finely granulated hierarchy organised by Units, Sections, Topics, Video Learning Modules (VLM) and Concept Learning Outcomes (CLO).

A CLO is a statement of what a student should expect to recall, solve or perform upon its completion.

Course Faculty carry several years of teaching and industry experience. The lessons are taught systematically, and delivered in simple, lucid language and manner. Courses are designed to inculcate a clear understanding of subject-concepts and enable students to gain theoretical and practical insights.
"
